SITE_ID,General classification,State,Data source/network,Period of record,Energy balance,Latitude,Longitude,Elevation (m),Land cover details,Land cover type,Measurement technique,Contact for sites not downloaded from AmeriFlux network,Contact email,DOI,Team member,Member role,Member institution,Member email,Site name
SLM001,Croplands,CA,USDA-ARS GRAPEX,01/2017-11/2018,0.942383009778022,38.289,-121.118,39.0,Vineyard,Vineyards,Eddy covariance,William Kustas,bill.kustas@usda.gov,,,,,,
US-Mj1,Croplands,MT,AmeriFlux,04/2013-09/2014,0.943855057121669,46.99475,-109.61375,1285.0,Wheat,Annual crops,Eddy covariance,,,10.17190/AMF/1617715,Paul C. Stoy,PI,Montana State University,paul.stoy@montana.edu,Montana Judith Basin wheat field
BAR012,Croplands,CA,USDA-ARS GRAPEX,05/2017-11/2018,0.851117551164469,38.751,-122.975,102.0,Vineyard,Vineyards,Eddy covariance,William Kustas,bill.kustas@usda.gov,,,,,,
RIP760,Croplands,CA,USDA-ARS GRAPEX,05/2017-11/2018,0.881054403049909,36.839,-120.21,57.0,Vineyard,Vineyards,Eddy covariance,William Kustas,bill.kustas@usda.gov,,,,,,
Almond_Low,Croplands,CA,USDA-ARS,10/2016-10/2019,0.837194024679433,36.946608,-120.10237,78.0,Almond,Orchards,Eddy covariance,Ray Anderson,ray.anderson@usda.gov,,,,,,
US-Bi2,Croplands,CA,AmeriFlux,04/2017-07/2020,0.799734466206403,38.109,-121.535,-4.98,Corn,Annual crops,Eddy covariance,,,10.17190/AMF/1419513,Dennis Baldocchi,PI,"University of California, Berkeley",baldocchi@berkeley.edu,Bouldin Island corn
US-xSL,Croplands,CO,AmeriFlux,06/2017-05/2020,0.776604057021581,40.4619,-103.0293,1364.0,"Winter wheat, millet, and maize, no-till",Annual crops,Eddy covariance,,,10.17190/AMF/1617735,Cove Sturtevant,PI,NEON,csturtevant@battelleecology.org,"NEON North Sterling, CO (STER)"
Almond_High,Croplands,CA,USDA-ARS,10/2016-10/2019,0.827785813224454,36.169669,-120.201004,147.0,Almond,Orchards,Eddy covariance,Ray Anderson,ray.anderson@usda.gov,,,,,,
US-Tw2,Croplands,CA,AmeriFlux,05/2012-04/2013,0.770813671011494,38.1047,-121.6433,-5.0,Corn on peat soil,Annual crops,Eddy covariance,,,10.17190/AMF/1246148,Dennis Baldocchi,PI,"University of California, Berkeley",baldocchi@berkeley.edu,Twitchell Corn
US-Twt,Croplands,CA,AmeriFlux,04/2009-04/2017,0.896225619205752,38.1087203999999,-121.6531,-7.0,Rice,Annual crops,Eddy covariance,,,10.17190/AMF/1246140,Dennis Baldocchi,PI,"University of California, Berkeley",baldocchi@berkeley.edu,Twitchell Island
US-Bi1,Croplands,CA,AmeriFlux,08/2016-12/2019,0.781100659449987,38.0991537999999,-121.49933,-2.7,Alfalfa,Annual crops,Eddy covariance,,,10.17190/AMF/1480317,Dennis Baldocchi,PI,"University of California, Berkeley",Baldocchi@berkeley.edu,Bouldin Island Alfalfa
US-Mj2,Croplands,MT,AmeriFlux,04/2014-09/2014,1.03375092508742,46.9957,-109.6295,1277.0,Summer fallow,Annual crops,Eddy covariance,,,10.17190/AMF/1617716,Paul C. Stoy,PI,Montana State University,paul.stoy@montana.edu,Montana Judith Basin summer fallow field
Almond_Med,Croplands,CA,USDA-ARS,09/2016-10/2019,0.816041782368986,36.177669,-120.202644999999,147.0,Almond,Orchards,Eddy covariance,Ray Anderson,ray.anderson@usda.gov,,,,,,
US-Tw3,Croplands,CA,AmeriFlux,05/2013-06/2018,0.852312638208744,38.1159,-121.6467,-9.0,Alfalfa,Annual crops,Eddy covariance,,,10.17190/AMF/1246149,Dennis Baldocchi,PI,"University of California, Berkeley",baldocchi@berkeley.edu,Twitchell Alfalfa
